{
  "assetDepth": 79709431099,
  "assetPrice": 12434.45829646652,
  "assetPriceUSD": 70195.4236656004,
  "endTime": 1730422800,
  "liquidityUnits": 352960202587487,
  "luvi": 0.015926631217813333,
  "membersCount": 3496,
  "runeDepth": 991143596835587,
  "startTime": 1730419200,
  "synthSupply": 58594327901,
  "synthUnits": 205123346124197,
  "units": 558083548711684
}
